id;tourist_name;tourist_id;tourist_from;tourist_image;tourist_pan;tourist_age
1;Avon Future Web;90090;Buckinghamshire;Wall Home microchip;generating Trail;Cotton Cambridgeshire
2;matrix dot-com microchip;72997;middleware PCI;Metal Valleys GB;Tasty;enhance
3;aggregate;49588;Dominican cross-platform Brand;bypassing feed web-readiness;alliance;violet Loan
4;supply-chains;46706;contextually-based Islands;Tactics Guilder Awesome;Reduced Cambridgeshire;Fresh
5;Ports Games;95314;Indiana;Dalasi primary Realigned;Strategist RAM Customer;plum Berkshire
6;cross-media mobile Incredible;94051;leverage program Consultant;Green multi-byte Generic;Steel Enterprise-wide;Movies
7;revolutionize;8607;Loan bluetooth Somalia;Function-based collaboration customized;bifurcated Generic Soft;pixel Buckinghamshire
8;bus;23733;Fantastic dynamic transmit;Chips haptic Data;Directives Books Technician;Granite Brand sticky
9;Buckinghamshire driver;38652;mint;Nebraska Indiana;Sausages forecast Washington;copying tertiary Reverse-engineered
10;optimizing panel;19526;Money navigate;PNG;optical system;Applications
